<?xml version="1.0" encoding="UTF-8"?>

<mule xmlns:ee="http://www.mulesoft.org/schema/mule/ee/core" xmlns:http="http://www.mulesoft.org/schema/mule/http"
	xmlns="http://www.mulesoft.org/schema/mule/core"
	xmlns:doc="http://www.mulesoft.org/schema/mule/documentation" xmlns:xsi="http://www.w3.org/2001/XMLSchema-instance" xsi:schemaLocation="http://www.mulesoft.org/schema/mule/core http://www.mulesoft.org/schema/mule/core/current/mule.xsd
http://www.mulesoft.org/schema/mule/http http://www.mulesoft.org/schema/mule/http/current/mule-http.xsd
http://www.mulesoft.org/schema/mule/ee/core http://www.mulesoft.org/schema/mule/ee/core/current/mule-ee.xsd">
	<http:listener-config name="HTTP_Listener_config" doc:name="HTTP Listener config" doc:id="7fa97e04-c75f-4d81-839a-d44e7dd9f9f0" >
		<http:listener-connection host="0.0.0.0" port="8081" />
	</http:listener-config>
	<flow name="flat-file-pocFlow" doc:id="f4c3f775-88f2-42e0-ac35-6d89010b7940" >
		<http:listener doc:name="Listener" doc:id="f36d60fd-da5f-47eb-8bde-52386d39c6d5" config-ref="HTTP_Listener_config" path="/flatfile"/>
		<ee:transform doc:name="Transform Message" doc:id="7718e886-70b8-4981-b8f6-f777b2312e57" >
			<ee:message >
			</ee:message>
			<ee:variables >
				<ee:set-variable variableName="flatLineData" ><![CDATA[%dw 2.0
output application/flatfile schemaPath = "flatFileLines.ffd"
---
payload map ({
	ReportDate: now() as String {
		format : "dd/MM/yy"
	},
	CentreNumber: $.holdingDepot,
	InvoiceCreditNumber: $.tyremanInvoiceNumber,
	DocumentLineNumber: $.documentLineNumber,
	SKU: $.SKU,
	SKUDescription: $.SKUDescription,
	QuantitySold: $.quantitySold,
	FilePrice: $.filePrice,
	NetPrice: $.netPrice,
	ExtendedPrice: $.extendedPrice,
	VATPercentage: $.VATPercentage,
	VATValue: $.VATValue,
	CostPrice: $.costPrice,
	Class: $.class,
	AverageActualCostPrice: $.averageActualCostPrice,
	BRPrice4: $.BRPrice4,
	CreditNoteReason: $.creditNoteReason,
	Salesperson: $.salesPerson,
	MinimumSellingPrice: $.minimumSellingPrice,
	NettNettPrice: $.nettNettPrice
})]]></ee:set-variable>
				<ee:set-variable variableName="flatFileHeaderData" ><![CDATA[%dw 2.0
import * from dw::core::Strings
fun splitComments(comments) = (flatten( comments ++ repeat(" ",9) scan ".{32}"))
output application/flatfile schemaPath = "flatfileschema.ffd"
---
{
	SaleRefundTransactionHeader: payload map {
		ReportDate: now() as String {
			format : "dd/MM/yy"
		},
		CentreNumber: $.holdingDepot,
		InvoiceCreditNumber: $.tyremanInvoiceNumber,
		Salesperson: $.salesPerson[0 to 2],
		TransactionDate: $.transactionDate,
		TransactionTotalNet: $.transactionTotalNet,
		TransactionTotalVAT: $.transactionTotalVAT,
		DocumentType: "INVOICE"[0],
		CustomerAccount: $.tyremanAccountNumber,
		CustomerClass: $.salesCategory[0],
		Deposit: "",
		AddressLine1: $.billingStreet,
		AddressLine2: $.billingState,
		AddressLine3: $.billingCity,
		AddressLine4: $.billingCountry,
		AddressLine5: $.billingPostalCode,
		VRM: $.VRM default "UNKNOWN",
		Mileage: $.mileage,
		PaymentTermsCode: $.paymentTermsCode,
		Comment1: (splitComments($.custComment))[0]
        default "",
		Comment2: (splitComments($.custComment))[1] default "",
		Comment3: (splitComments($.custComment))[2] default "",
		Comment4: (splitComments($.custComment))[3] default "",
		Comment5: (splitComments($.custComment))[4] default "",
		Comment6: (splitComments($.custComment))[5] default "",
		HeadOfficeCustomerAccount: if ( isEmpty($.parentAccountNumber) ) $.tyremanAccountNumber else $.parentAccountNumber,
		InvoicePosting: "",
		PricedInvoice: if ( $.pricedInvoice == true ) 'Y' else 'N',
		CustomerReference: $.customerReference,
		Origin: $.origin,
		RunNumber: $.runNumber,
		MediaType: $.mediaType,
		RechargeAccount: $.rechargeAccount,
		DeliverySequence: $.deliverySequence,
		SalesPerson: $.salesPerson,
		JobDate: $.orderedDate  default "",
		JobOrigin: $.origin,
		SFPaymentTerms: $.paymentTerms,
		SFInvoiceNumber: $.sfInvoiceNumber
	},
	SaleRefundTransactionTotalsHeader: (payload groupBy ((item, index) -> item.holdingDepot ) pluck ((value, key, index) -> value)) map({
		"ReportDate": now() as String {
			format : "dd/MM/yy"
		},
		"CentreNumber": ($.holdingDepot)[0],
		"InvoiceCreditNumber": ($.tyremanInvoiceNumber)[0],
		"CentreTotalNet": sum($.netPrice),
		"CentreTotalVAT": sum($.VATValue)
	})
}]]></ee:set-variable>
			</ee:variables>
		</ee:transform>
		<logger level="INFO" doc:name="Logger" doc:id="e7aa2202-ae61-4137-b154-e3740dc5b332" message="flatFileHeaderData :: #[vars.flatFileHeaderData] ----------------------------- flatLineData :: #[vars.flatLineData]"/>
		<ee:transform doc:name="Transform Message" doc:id="aadf33cc-e958-4ed6-bb8b-d09808cd271b" >
			<ee:message >
				<ee:set-payload ><![CDATA[%dw 2.0
var line = "OINVL" ++ "S"  ++ (now() as String {format : "ddMMyy"})  ++ ".DAY"
var header = "OINVH" ++ "S"  ++ (now() as String {format : "ddMMyy"})  ++ ".DAY"
output application/json
---
{
	"line" : line,
	"header" : header
}]]></ee:set-payload>
			</ee:message>
		</ee:transform>
	</flow>
</mule>
