[
  {
    "holdingDepot": "009",
    "tyremanInvoiceNumber": "BK231198",
    "sfInvoiceNumber": "MAS00334",
    "repNo": "001",
    "transactionDate": "01/07/24",
    "transactionTotalNet": 62,
    "transactionTotalVAT": 12.4,
    "tyremanAccountNumber": "42934L",
    "salesCategory": "National",
    "billingStreet": "123 Secret Street",
    "billingCity": "Warrington",
    "billingState": "Bristol",
    "billingCountry": "United Kingdom",
    "billingPostalCode": "BL99",
    "VRM": "YK72PVD",
    "mileage": 395964,
    "paymentTermsCode": "M1",
    "paymentTerms": "15 days EOM",
    "custComment": "FITTED BY LJ TO N/S/F OF ABOVE TRUCK AT FOULGERS GARAGE ROYSTON",
    "parentAccountNumber": "42163L",
    "invoicePosting": false,
    "pricedInvoice": false,
    "customerReference": "AU1972606-TH",
    "origin": "E",
    "salesPerson": "Neil Tickle",
    "runNumber": "WF16A1",
    "mediaType": "",
    "rechargeAccount": "",
    "deliverySequence": "001",
    "documentLineNumber": 1,
    "SKU": "2454520YNXSU1XL",
    "SKUDescription": "245/45R20 NEXN NFERA SU1 103Y XL",
    "quantitySold": 2,
    "filePrice": 645.09,
    "netPrice": 478.84,
    "extendedPrice": 957.68,
    "VATPercentage": 20,
    "VATValue": 191.54,
    "costPrice": 431.4327,
    "class": 5,
    "averageActualCostPrice": 431.43,
    "BRPrice4": 431.43,
    "creditNoteReason": "1",
    "minimumSellingPrice": 431.43,
    "nettNettPrice": 431.43
  },
   {
    "holdingDepot": "009",
    "tyremanInvoiceNumber": "BK231198",
    "sfInvoiceNumber": "MAS00334",
    "repNo": "001",
    "transactionDate": "01/07/24",
    "transactionTotalNet": 62,
    "transactionTotalVAT": 12.4,
    "tyremanAccountNumber": "42934L",
    "salesCategory": "National",
    "billingStreet": "123 Secret Street",
    "billingCity": "Warrington",
    "billingState": "Bristol",
    "billingCountry": "United Kingdom",
    "billingPostalCode": "BL99",
    "VRM": "YK72PVD",
    "mileage": 395964,
    "paymentTermsCode": "M1",
    "paymentTerms": "15 days EOM",
    "custComment": "FITTED BY LJ TO N/S/F OF ABOVE TRUCK AT FOULGERS GARAGE ROYSTON",
    "parentAccountNumber": "42163L",
    "invoicePosting": false,
    "pricedInvoice": false,
    "customerReference": "AU1972606-TH",
    "origin": "E",
    "salesPerson": "Neil Tickle",
    "runNumber": "WF16A1",
    "mediaType": "",
    "rechargeAccount": "",
    "deliverySequence": "001",
    "documentLineNumber": 1,
    "SKU": "2454520YNXSU1XL",
    "SKUDescription": "245/45R20 NEXN NFERA SU1 103Y XL",
    "quantitySold": 2,
    "filePrice": 645.09,
    "netPrice": 78.84,
    "extendedPrice": 957.68,
    "VATPercentage": 20,
    "VATValue": 11.54,
    "costPrice": 431.4327,
    "class": 5,
    "averageActualCostPrice": 431.43,
    "BRPrice4": 431.43,
    "creditNoteReason": "2",
    "minimumSellingPrice": 431.43,
    "nettNettPrice": 431.43
  },
     {
    "holdingDepot": "010",
    "tyremanInvoiceNumber": "BK231198",
    "sfInvoiceNumber": "MAS00334",
    "repNo": "001",
    "transactionDate": "01/07/24",
    "transactionTotalNet": 62,
    "transactionTotalVAT": 12.4,
    "tyremanAccountNumber": "42934L",
    "salesCategory": "National",
    "billingStreet": "123 Secret Street",
    "billingCity": "Warrington",
    "billingState": "Bristol",
    "billingCountry": "United Kingdom",
    "billingPostalCode": "BL99",
    "VRM": "YK72PVD",
    "mileage": 395964,
    "paymentTermsCode": "M1",
    "paymentTerms": "15 days EOM",
    "custComment": "FITTED BY LJ TO N/S/F OF ABOVE TRUCK AT FOULGERS GARAGE ROYSTON",
    "parentAccountNumber": "42163L",
    "invoicePosting": false,
    "pricedInvoice": false,
    "customerReference": "AU1972606-TH",
    "origin": "E",
    "salesPerson": "Neil Tickle",
    "runNumber": "WF16A1",
    "mediaType": "",
    "rechargeAccount": "",
    "deliverySequence": "001",
    "documentLineNumber": 1,
    "SKU": "2454520YNXSU1XL",
    "SKUDescription": "245/45R20 NEXN NFERA SU1 103Y XL",
    "quantitySold": 2,
    "filePrice": 645.09,
    "netPrice": 479.84,
    "extendedPrice": 957.68,
    "VATPercentage": 20,
    "VATValue": 19100.54,
    "costPrice": 431.4327,
    "class": 5,
    "averageActualCostPrice": 431.43,
    "BRPrice4": 431.43,
    "creditNoteReason": "2",
    "minimumSellingPrice": 431.43,
    "nettNettPrice": 431.43
  }
]